{"chunk_definitions":[{"chunk_id":"csetup_chunk","chunk_label":"setup","document_id":"EDCCE83C","expansion_state":0,"options":{"engine":"r","include":false,"label":"setup"},"row":14,"row_count":1,"visible":true},{"chunk_id":"css3fef4yemsf","chunk_label":"unnamed-chunk-1","document_id":"EDCCE83C","expansion_state":0,"options":{"engine":"r","label":"unnamed-chunk-31"},"row":24,"row_count":1,"visible":true},{"chunk_id":"cop2j3e12d3uu","chunk_label":"unnamed-chunk-2","document_id":"EDCCE83C","expansion_state":0,"options":{"engine":"r","label":"unnamed-chunk-43"},"row":30,"row_count":1,"visible":true},{"chunk_id":"cwcm61p1z89a2","chunk_label":"unnamed-chunk-5","document_id":"EDCCE83C","expansion_state":0,"options":{"engine":"r","label":"unnamed-chunk-37"},"row":60,"row_count":1,"visible":true},{"chunk_id":"cth4tc80e62ho","chunk_label":"unnamed-chunk-8","document_id":"EDCCE83C","expansion_state":0,"options":{"engine":"r","label":"unnamed-chunk-6"},"row":88,"row_count":1,"visible":true},{"chunk_id":"c15kfmuvaxdkm","chunk_label":"unnamed-chunk-9","document_id":"EDCCE83C","expansion_state":0,"options":{"engine":"r","label":"unnamed-chunk-7"},"row":93,"row_count":1,"visible":true},{"chunk_id":"c4gti4foujq1x","chunk_label":"unnamed-chunk-10","document_id":"EDCCE83C","expansion_state":0,"options":{"engine":"r","label":"unnamed-chunk-10"},"row":106,"row_count":1,"visible":true},{"chunk_id":"c5jq9ik3hghkv","chunk_label":"unnamed-chunk-12","document_id":"EDCCE83C","expansion_state":0,"options":{"engine":"r","label":"unnamed-chunk-15"},"row":152,"row_count":1,"visible":true},{"chunk_id":"ccyc1p030y4t4","chunk_label":"unnamed-chunk-13","document_id":"EDCCE83C","expansion_state":0,"options":{"engine":"r","label":"unnamed-chunk-16"},"row":160,"row_count":1,"visible":true},{"chunk_id":"ceiioxba4ng9t","chunk_label":"unnamed-chunk-14","document_id":"EDCCE83C","expansion_state":0,"options":{"engine":"r","label":"unnamed-chunk-24"},"row":169,"row_count":1,"visible":true},{"chunk_id":"cup5x6j3qhbch","chunk_label":"unnamed-chunk-17","document_id":"EDCCE83C","expansion_state":0,"options":{"engine":"r","label":"unnamed-chunk-56"},"row":207,"row_count":1,"visible":true},{"chunk_id":"cdoj88p2nbxc9","chunk_label":"unnamed-chunk-18","document_id":"EDCCE83C","expansion_state":0,"options":{"engine":"r","label":"unnamed-chunk-42"},"row":230,"row_count":1,"visible":true},{"chunk_id":"cas9jd7vi188t","chunk_label":"unnamed-chunk-19","document_id":"EDCCE83C","expansion_state":0,"options":{"engine":"r","label":"unnamed-chunk-26"},"row":244,"row_count":1,"visible":true},{"chunk_id":"c6wyz9mrjabhm","chunk_label":"unnamed-chunk-20","document_id":"EDCCE83C","expansion_state":0,"options":{"engine":"r","label":"unnamed-chunk-30"},"row":256,"row_count":1,"visible":true},{"chunk_id":"cx70ybqy1umtb","chunk_label":"unnamed-chunk-21","document_id":"EDCCE83C","expansion_state":0,"options":{"engine":"r","label":"unnamed-chunk-57"},"row":277,"row_count":1,"visible":true},{"chunk_id":"c126d2rjszjs4","chunk_label":"unnamed-chunk-27","document_id":"EDCCE83C","expansion_state":0,"options":{"engine":"r","label":"unnamed-chunk-12"},"row":340,"row_count":1,"visible":true},{"chunk_id":"cahj4nt2t5a2j","chunk_label":"unnamed-chunk-28","document_id":"EDCCE83C","expansion_state":0,"options":{"engine":"r","label":"unnamed-chunk-9"},"row":356,"row_count":1,"visible":true},{"chunk_id":"ccwkyk9fvh2jd","chunk_label":"unnamed-chunk-29","document_id":"EDCCE83C","expansion_state":0,"options":{"engine":"r","label":"unnamed-chunk-10"},"row":363,"row_count":1,"visible":true}],"default_chunk_options":{"echo":true},"doc_write_time":1582374591,"working_dir":null}