{"chunk_definitions":[{"chunk_id":"csetup_chunk","chunk_label":"setup","document_id":"4054DF76","expansion_state":0,"options":{"engine":"r","include":false,"label":"setup"},"row":9,"row_count":1,"visible":true},{"chunk_id":"cb2norydgtccd","chunk_label":"unnamed-chunk-1","document_id":"4054DF76","expansion_state":0,"options":{"engine":"r","label":"unnamed-chunk-2"},"row":12,"row_count":1,"visible":true},{"chunk_id":"c96s5ur11i4gx","chunk_label":"unnamed-chunk-2","document_id":"4054DF76","expansion_state":0,"options":{"engine":"r","label":"unnamed-chunk-6"},"row":21,"row_count":1,"visible":true}],"default_chunk_options":{"echo":true},"doc_write_time":1582874330,"working_dir":null}